LOCATION,TEAM,YEAR,CONFERENCE,REGION,WINS,LOSSES,W/L_PERCENT,TOTAL_ALLOT,HIGHEST_SALARY,HIGH_PERCENT,LOWEST_SALARY,LOW_PERCENT,HI_LOW_DIFF,AVE_SALARY
Arizona ,Cardinals,2011,NFC,West,8,8,0.5,"118,470,364.00","16,250,000.00",0.13717,"163,235",0.00138,"16,086,765","8,206,617.50"
Arizona ,Cardinals,2012,NFC,West,5,11,0.3125,"117,797,796.00","14,500,000.00",0.12309,"22,941",0.00019,"14,477,059","7,261,470.50"
Arizona ,Cardinals,2013,NFC,West,13,3,0.8125,"120,046,145.00","10,250,000.00",0.08538,"97,491",0.00081,"10,152,509","5,173,745.50"
Arizona ,Cardinals,2014,NFC,West,11,5,0.6875,"133,228,945.00","11,250,000.00",0.08444,"58,235",0.00044,"11,191,765","5,654,117.50"
Arizona ,Cardinals,2015,NFC,West,13,3,0.8125,"144,707,976.00","14,791,491.00",0.10222,"87,647",0.00061,"14,703,844","7,439,569.00"
Arizona ,Cardinals,2016,NFC,West,7,9,0.4375,"155,855,865.00","18,375,000.00",0.11790,"30,882",0.00020,"18,344,118","9,202,941.00"
Arizona ,Cardinals,2017,NFC,West,8,8,0.5,"169,351,526.00","15,850,000.00",0.09359,"36,176",0.00021,"15,813,824","7,943,088.00"
Arizona ,Cardinals,2018,NFC,West,3,13,0.1875,"172,915,077.00","16,850,000.00",0.09745,"28,235",0.00016,"16,821,765","8,439,117.50"
Arizona ,Cardinals,2019,NFC,West,5,11,0.3125,"192,019,927.00","14,833,333.00",0.07725,"29,118",0.00015,"14,804,215","7,431,225.50"
Arizona ,Cardinals,2020,NFC,West,8,8,0.5,"194,162,965.00","13,184,588.00",0.06790,"97,058",0.00050,"13,087,530","6,640,823.00"
Arizona ,Cardinals,2021,NFC,West,11,5,0.6875,"191,127,625.00","20,175,388.00",0.10556,"36,666",0.00019,"20,138,722","10,106,027.00"
Arizona ,Cardinals,2022,NFC,West,4,12,0.25,"204,825,664.00","15,900,000.00",0.07763,"49,722",0.00024,"15,850,278","7,974,861.00"
Arizona ,Cardinals,2023,NFC,West,4,12,0.25,"218,115,516.00","17,866,168.00",0.08191,"41,667",0.00019,"17,824,501","8,953,917.50"
Atlanta,Falcons,2011,NFC,South,10,6,0.625,"126,014,378.00","13,250,000.00",0.10515,"242,941",0.00193,"13,007,059","6,746,470.50"
Atlanta,Falcons,2012,NFC,South,13,3,0.8125,"121,447,956.00","13,500,000.00",0.11116,"170,625",0.00140,"13,329,375","6,835,312.50"
Atlanta,Falcons,2013,NFC,South,4,12,0.25,"110,531,645.00","9,600,000.00",0.08685,"23,823",0.00022,"9,576,177","4,811,911.50"
Atlanta,Falcons,2014,NFC,South,6,10,0.375,"133,009,495.00","17,500,000.00",0.13157,"24,705",0.00019,"17,475,295","8,762,352.50"
Atlanta,Falcons,2015,NFC,South,8,8,0.5,"136,236,065.00","19,500,000.00",0.14313,"25,588",0.00019,"19,474,412","9,762,794.00"
Atlanta,Falcons,2016,NFC,South,11,5,0.6875,"153,820,903.00","23,750,000.00",0.15440,"52,940",0.00034,"23,697,060","11,901,470.00"
Atlanta,Falcons,2017,NFC,South,10,6,0.625,"166,313,787.00","23,750,000.00",0.14280,"20,470",0.00012,"23,729,530","11,885,235.00"
Atlanta,Falcons,2018,NFC,South,7,9,0.4375,"173,654,866.00","17,700,000.00",0.10193,"74,118",0.00043,"17,625,882","8,887,059.00"
Atlanta,Falcons,2019,NFC,South,7,9,0.4375,"184,246,919.00","15,800,000.00",0.08575,"58,235",0.00032,"15,741,765","7,929,117.50"
Atlanta,Falcons,2020,NFC,South,4,12,0.25,"199,335,990.00","20,416,668.00",0.10242,"33,582",0.00017,"20,383,086","10,225,125.00"
Atlanta,Falcons,2021,NFC,South,7,9,0.4375,"185,499,791.00","26,912,500.00",0.14508,"36,666",0.00020,"26,875,834","13,474,583.00"
Atlanta,Falcons,2022,NFC,South,7,9,0.4375,"201,717,487.00","16,589,200.00",0.08224,"78,334",0.00039,"16,510,866","8,333,767.00"
Atlanta,Falcons,2023,NFC,South,7,9,0.4375,"222,639,430.00","21,233,923.00",0.09537,"125,001",0.00056,"21,108,922","10,679,462.00"
Carolina,Panthers,2011,NFC,South,6,10,0.375,"123,832,984.00","10,000,000.00",0.08075,"66,176",0.00053,"9,933,824","5,033,088.00"
Carolina,Panthers,2012,NFC,South,7,9,0.4375,"126,838,460.00","11,500,000.00",0.09067,"192,188",0.00152,"11,307,812","5,846,094.00"
Carolina,Panthers,2013,NFC,South,12,4,0.75,"110,531,645.00","6,816,666.00",0.06167,"166,764",0.00151,"6,649,902","3,491,715.00"
Carolina,Panthers,2014,NFC,South,7,9,0.4375,"133,399,423.00","11,220,000.00",0.08411,"85,882",0.00064,"11,134,118","5,652,941.00"
Carolina,Panthers,2015,NFC,South,15,1,0.9375,"145,230,447.00","20,020,000.00",0.13785,"103,235",0.00071,"19,916,765","10,061,617.50"
Carolina,Panthers,2016,NFC,South,6,10,0.375,"139,231,900.00","19,500,000.00",0.14005,"26,470",0.00019,"19,473,530","9,763,235.00"
Carolina,Panthers,2017,NFC,South,11,5,0.6875,"175,448,311.00","20,166,666.00",0.11494,"54,706",0.00031,"20,111,960","10,110,686.00"
Carolina,Panthers,2018,NFC,South,7,9,0.4375,"184,421,777.00","21,500,000.00",0.11658,"28,235",0.00015,"21,471,765","10,764,117.50"
Carolina,Panthers,2019,NFC,South,5,11,0.3125,"183,306,165.00","10,725,000.00",0.05851,"58,235",0.00032,"10,666,765","5,391,617.50"
Carolina,Panthers,2020,NFC,South,5,11,0.3125,"204,039,300.00","13,953,125.00",0.06838,"35,882",0.00018,"13,917,243","6,994,503.50"
Carolina,Panthers,2021,NFC,South,5,11,0.3125,"181,771,931.00","8,826,666.00",0.04856,"36,666",0.00020,"8,790,000","4,431,666.00"
Carolina,Panthers,2022,NFC,South,7,9,0.4375,"202,249,051.00","18,858,000.00",0.09324,"45,833",0.00023,"18,812,167","9,451,916.50"
Carolina,Panthers,2023,NFC,South,2,14,0.125,"232,771,942.00","16,012,000.00",0.06879,"41,667",0.00018,"15,970,333","8,026,833.50"
Chicago,Bears,2011,NFC,North,8,8,0.5,"107,756,643.00","11,825,000.00",0.10974,"344,062",0.00319,"11,480,938","6,084,531.00"
Chicago,Bears,2012,NFC,North,10,6,0.625,"128,921,164.00","12,183,333.00",0.09450,"115,625",0.00090,"12,067,708","6,149,479.00"
Chicago,Bears,2013,NFC,North,8,8,0.5,"127,169,835.00","14,383,333.00",0.11310,"47,637",0.00037,"14,335,696","7,215,485.00"
Chicago,Bears,2014,NFC,North,5,11,0.3125,"131,432,644.00","18,500,000.00",0.14076,"33,529",0.00026,"18,466,471","9,266,764.50"
Chicago,Bears,2015,NFC,North,6,10,0.375,"141,512,728.00","16,500,000.00",0.11660,"25,588",0.00018,"16,474,412","8,262,794.00"
Chicago,Bears,2016,NFC,North,3,13,0.1875,"148,323,553.00","11,163,940.00",0.07527,"30,882",0.00021,"11,133,058","5,597,411.00"
Chicago,Bears,2017,NFC,North,5,11,0.3125,"167,722,301.00","14,000,000.00",0.08347,"54,706",0.00033,"13,945,294","7,027,353.00"
Chicago,Bears,2018,NFC,North,12,4,0.75,"179,461,788.00","13,800,000.00",0.07690,"111,176",0.00062,"13,688,824","6,955,588.00"
Chicago,Bears,2019,NFC,North,8,8,0.5,"182,861,976.00","18,000,000.00",0.09843,"70,736",0.00039,"17,929,264","9,035,368.00"
Chicago,Bears,2020,NFC,North,8,8,0.5,"204,713,154.00","26,600,000.00",0.12994,"308,826",0.00151,"26,291,174","13,454,413.00"
Chicago,Bears,2021,NFC,North,6,10,0.375,"188,749,384.00","17,980,000.00",0.09526,"36,666",0.00019,"17,943,334","9,008,333.00"
Chicago,Bears,2022,NFC,North,3,13,0.1875,"204,696,905.00","12,300,000.00",0.06009,"39,167",0.00019,"12,260,833","6,169,583.50"
Chicago,Bears,2023,NFC,North,7,9,0.4375,"227,512,044.00","20,165,000.00",0.08863,"52,222",0.00023,"20,112,778","10,108,611.00"
Cleaveland,Browns,2011,AFC,North,4,12,0.25,"103,839,520.00","15,960,000.00",0.15370,"375,000",0.00361,"15,585,000","8,167,500.00"
Cleaveland,Browns,2012,AFC,North,5,11,0.3125,"127,350,645.00","13,560,000.00",0.10648,"48,750",0.00038,"13,511,250","6,804,375.00"
Cleaveland,Browns,2013,AFC,North,4,12,0.25,"110,066,758.00","11,400,000.00",0.10357,"32,647",0.00030,"11,367,353","5,716,323.50"
Cleaveland,Browns,2014,AFC,North,7,9,0.4375,"135,401,214.00","12,300,000.00",0.09084,"24,705",0.00018,"12,275,295","6,162,352.50"
Cleaveland,Browns,2015,AFC,North,3,13,0.1875,"139,647,560.00","10,200,000.00",0.07304,"30,000",0.00021,"10,170,000","5,115,000.00"
Cleaveland,Browns,2016,AFC,North,1,15,0.0625,"130,222,141.00","13,400,000.00",0.10290,"26,470",0.00020,"13,373,530","6,713,235.00"
Cleaveland,Browns,2017,AFC,North,0,16,0,"156,664,052.00","12,237,813.00",0.07812,"27,353",0.00017,"12,210,460","6,132,583.00"
Cleaveland,Browns,2018,AFC,North,7,9,0.4375,"181,948,164.00","16,000,000.00",0.08794,"28,235",0.00016,"15,971,765","8,014,117.50"
Cleaveland,Browns,2019,AFC,North,6,10,0.375,"212,753,859.00","17,000,000.00",0.07990,"33,529",0.00016,"16,966,471","8,516,764.50"
Cleaveland,Browns,2020,AFC,North,11,5,0.6875,"199,101,772.00","14,550,000.00",0.07308,"39,706",0.00020,"14,510,294","7,294,853.00"
Cleaveland,Browns,2021,AFC,North,8,8,0.5,"202,643,673.00","14,711,765.00",0.07260,"36,666",0.00018,"14,675,099","7,374,215.50"
Cleaveland,Browns,2022,AFC,North,7,9,0.4375,"186,513,983.00","12,961,000.00",0.06949,"107,222",0.00057,"12,853,778","6,534,111.00"
Cleaveland,Browns,2023,AFC,North,11,5,0.6875,"221,013,580.00","23,776,000.00",0.10758,"48,333",0.00022,"23,727,667","11,912,166.50"
Jacksonville,Jaguars,2011,AFC,South,5,11,0.3125,"92,775,655.00","6,000,000.00",0.06467,"61,765",0.00067,"5,938,235","3,030,882.50"
Jacksonville,Jaguars,2012,AFC,South,2,14,0.125,"129,514,023.00","8,750,000.00",0.06756,"68,824",0.00053,"8,681,176","4,409,412.00"
Jacksonville,Jaguars,2013,AFC,South,4,12,0.25,"120,190,441.00","8,500,000.00",0.07072,"32,647",0.00027,"8,467,353","4,266,323.50"
Jacksonville,Jaguars,2014,AFC,South,3,13,0.1875,"129,184,374.00","8,250,000.00",0.06386,"49,411",0.00038,"8,200,589","4,149,705.50"
Jacksonville,Jaguars,2015,AFC,South,5,11,0.3125,"136,130,404.00","10,300,000.00",0.07566,"25,588",0.00019,"10,274,412","5,162,794.00"
Jacksonville,Jaguars,2016,AFC,South,3,13,0.1875,"150,459,217.00","10,000,000.00",0.06646,"35,294",0.00023,"9,964,706","5,017,647.00"
Jacksonville,Jaguars,2017,AFC,South,10,6,0.625,"171,292,956.00","15,000,000.00",0.08757,"27,353",0.00016,"14,972,647","7,513,676.50"
Jacksonville,Jaguars,2018,AFC,South,5,11,0.3125,"198,533,685.00","17,500,000.00",0.08815,"28,235",0.00014,"17,471,765","8,764,117.50"
Jacksonville,Jaguars,2019,AFC,South,6,10,0.375,"190,540,169.00","16,000,000.00",0.08397,"67,058",0.00035,"15,932,942","8,033,529.00"
Jacksonville,Jaguars,2020,AFC,South,1,15,0.0625,"184,288,252.00","15,400,000.00",0.08356,"35,882",0.00019,"15,364,118","7,717,941.00"
Jacksonville,Jaguars,2021,AFC,South,3,13,0.1875,"180,473,269.00","15,000,000.00",0.08311,"36,666",0.00020,"14,963,334","7,518,333.00"
Jacksonville,Jaguars,2022,AFC,South,9,7,0.5625,"231,233,180.00","9,911,765.00",0.04286,"78,334",0.00034,"9,833,431","4,995,049.50"
Jacksonville,Jaguars,2023,AFC,South,9,7,0.5625,"218,279,453.00","18,297,382.00",0.08383,"129,444",0.00059,"18,167,938","9,213,413.00"
Los Angeles,Chargers,2011,AFC,West,8,8,0.5,"121,746,575.00","13,510,000.00",0.11097,"195,500",0.00161,"13,314,500","6,852,750.00"
Los Angeles,Chargers,2012,AFC,West,7,9,0.4375,"125,967,448.00","15,310,000.00",0.12154,"87,188",0.00069,"15,222,812","7,698,594.00"
Los Angeles,Chargers,2013,AFC,West,9,7,0.5625,"120,452,285.00","13,776,666.00",0.11437,"23,824",0.00020,"13,752,842","6,900,245.00"
Los Angeles,Chargers,2014,AFC,West,9,7,0.5625,"134,236,725.00","16,666,666.00",0.12416,"24,705",0.00018,"16,641,961","8,345,685.50"
Los Angeles,Chargers,2015,AFC,West,4,12,0.25,"140,814,655.00","21,166,668.00",0.15032,"25,588",0.00018,"21,141,080","10,596,128.00"
Los Angeles,Chargers,2016,AFC,West,5,11,0.3125,"155,470,367.00","16,500,000.00",0.10613,"26,470",0.00017,"16,473,530","8,263,235.00"
Los Angeles,Chargers,2017,AFC,West,9,7,0.5625,"157,638,663.00","18,000,000.00",0.11419,"31,765",0.00020,"17,968,235","9,015,882.50"
Los Angeles,Chargers,2018,AFC,West,12,4,0.75,"177,286,710.00","22,000,000.00",0.12409,"74,117",0.00042,"21,925,883","11,037,058.50"
Los Angeles,Chargers,2019,AFC,West,5,11,0.3125,"184,097,522.00","23,000,000.00",0.12493,"145,588",0.00079,"22,854,412","11,572,794.00"
Los Angeles,Chargers,2020,AFC,West,7,9,0.4375,"195,831,096.00","15,000,000.00",0.07660,"35,882",0.00018,"14,964,118","7,517,941.00"
Los Angeles,Chargers,2021,AFC,West,9,7,0.5625,"183,120,643","21,625,000",0.11809,"76,692",0.00042,"21,548,308","10,850,846.00"
Los Angeles,Chargers,2022,AFC,West,10,6,0.625,"212,129,671.00","28,250,000.00",0.13317,"117,501",0.00055,"28,132,499","14,183,750.50"
Los Angeles,Chargers,2023,AFC,West,5,11,0.3125,"218,514,926.00","16,632,500.00",0.07612,"41,667",0.00019,"16,590,833","8,337,083.50"
Miami,Dolphins,2011,AFC,East,6,10,0.375,"132,817,373.00","12,800,000.00",0.09637,"44,117",0.00033,"12,755,883","6,422,058.50"
Miami,Dolphins,2012,AFC,East,7,9,0.4375,"122,292,261.00","11,325,000.00",0.09261,"131,250",0.00107,"11,193,750","5,728,125.00"
Miami,Dolphins,2013,AFC,East,8,8,0.5,"112,354,370.00","8,450,000.00",0.07521,"65,294",0.00058,"8,384,706","4,257,647.00"
Miami,Dolphins,2014,AFC,East,8,8,0.5,"142,455,998.00","17,250,000.00",0.12109,"24,705",0.00017,"17,225,295","8,637,352.50"
Miami,Dolphins,2015,AFC,East,6,10,0.375,"144,878,936.00","10,725,000.00",0.07403,"25,588",0.00018,"10,699,412","5,375,294.00"
Miami,Dolphins,2016,AFC,East,10,6,0.625,"151,387,347.00","12,600,000.00",0.08323,"26,470",0.00017,"12,573,530","6,313,235.00"
Miami,Dolphins,2017,AFC,East,6,10,0.375,"171,947,683.00","19,100,000.00",0.11108,"27,353",0.00016,"19,072,647","9,563,676.50"
Miami,Dolphins,2018,AFC,East,7,9,0.4375,"170,259,550.00","11,444,412.00",0.06722,"56,470",0.00033,"11,387,942","5,750,441.00"
Miami,Dolphins,2019,AFC,East,5,11,0.3125,"175,757,955.00","8,333,333.00",0.04741,"37,941",0.00022,"8,295,392","4,185,637.00"
Miami,Dolphins,2020,AFC,East,10,6,0.625,"202,755,153.00","17,600,000.00",0.08680,"35,882",0.00018,"17,564,118","8,817,941.00"
Miami,Dolphins,2021,AFC,East,9,7,0.5625,"195,258,386","14,265,500",0.07306,"46,691",0.00024,"14,218,809","7,156,095.50"
Miami,Dolphins,2022,AFC,East,9,7,0.5625,"208,559,442.00","10,931,000.00",0.05241,"57,500",0.00028,"10,873,500","5,494,250.00"
Miami,Dolphins,2023,AFC,East,11,5,0.6875,"223,975,605.00","17,185,292.00",0.07673,"208,888",0.00093,"16,976,404","8,697,090.00"
Minnesota,Vikings,2011,NFC,North,3,13,0.1875,"121,653,123.00","12,955,000.00",0.10649,"22,058",0.00018,"12,932,942","6,488,529.00"
Minnesota,Vikings,2012,NFC,North,10,6,0.625,"116,194,675.00","14,403,194.00",0.12396,"32,118",0.00028,"14,371,076","7,217,656.00"
Minnesota,Vikings,2013,NFC,North,5,11,0.3125,"129,239,778.00","17,063,956.00",0.13203,"23,823",0.00018,"17,040,133","8,543,889.50"
Minnesota,Vikings,2014,NFC,North,7,9,0.4375,"130,020,129.00","8,200,000.00",0.06307,"24,705",0.00019,"8,175,295","4,112,352.50"
Minnesota,Vikings,2015,NFC,North,11,5,0.6875,"147,022,479.00","15,400,000.00",0.10475,"90,000",0.00061,"15,310,000","7,745,000.00"
Minnesota,Vikings,2016,NFC,North,8,8,0.5,"157,201,886.00","12,000,000.00",0.07633,"26,470",0.00017,"11,973,530","6,013,235.00"
Minnesota,Vikings,2017,NFC,North,13,3,0.8125,"153,553,781.00","10,426,000.00",0.06790,"27,353",0.00018,"10,398,647","5,226,676.50"
Minnesota,Vikings,2018,NFC,North,8,8,0.5,"196,608,422.00","24,000,000.00",0.12207,"141,175",0.00072,"23,858,825","12,070,587.50"
Minnesota,Vikings,2019,NFC,North,10,6,0.625,"191,016,955.00","29,000,000.00",0.15182,"116,470",0.00061,"28,883,530","14,558,235.00"
Minnesota,Vikings,2020,NFC,North,7,9,0.4375,"195,029,407.00","20,666,666.00",0.10597,"107,647",0.00055,"20,559,019","10,387,156.50"
Minnesota,Vikings,2021,NFC,North,8,8,0.5,"188,620,675.00","31,166,666.00",0.16523,"36,666",0.00019,"31,130,000","15,601,666.00"
Minnesota,Vikings,2022,NFC,North,13,3,0.8125,"208,790,359.00","31,416,668.00",0.15047,"156,668",0.00075,"31,260,000","15,786,668.00"
Minnesota,Vikings,2023,NFC,North,7,9,0.4375,"212,737,877.00","20,953,333.00",0.09849,"83,334",0.00039,"20,869,999","10,518,333.50"
New York,Jets,2011,AFC,East,8,8,0.5,"121,813,441.00","17,228,125.00",0.14143,"22,059",0.00018,"17,206,066","8,625,092.00"
New York,Jets,2012,AFC,East,6,10,0.375,"133,985,885.00","12,000,000.00",0.08956,"22,941",0.00017,"11,977,059","6,011,470.50"
New York,Jets,2013,AFC,East,8,8,0.5,"122,960,176.00","13,000,000.00",0.10573,"71,471",0.00058,"12,928,529","6,535,735.50"
New York,Jets,2014,AFC,East,4,12,0.25,"118,345,094.00","11,698,666.00",0.09885,"24,705",0.00021,"11,673,961","5,861,685.50"
New York,Jets,2015,AFC,East,10,6,0.625,"153,010,332.00","16,000,000.00",0.10457,"76,764",0.00050,"15,923,236","8,038,382.00"
New York,Jets,2016,AFC,East,5,11,0.3125,"158,083,299.00","17,000,000.00",0.10754,"26,470",0.00017,"16,973,530","8,513,235.00"
New York,Jets,2017,AFC,East,5,11,0.3125,"144,902,320.00","18,000,000.00",0.12422,"27,353",0.00019,"17,972,647","9,013,676.50"
New York,Jets,2018,AFC,East,4,12,0.25,"176,796,047.00","10,000,000.00",0.05656,"28,235",0.00016,"9,971,765","5,014,117.50"
New York,Jets,2019,AFC,East,7,9,0.4375,"188,464,903.00","9,500,000.00",0.05041,"29,118",0.00015,"9,470,882","4,764,559.00"
New York,Jets,2020,AFC,East,2,14,0.125,"182,498,749.00","9,875,000.00",0.05411,"35,882",0.00020,"9,839,118","4,955,441.00"
New York,Jets,2021,AFC,East,4,12,0.25,"205,736,640.00","9,046,647.00",0.04397,"36,666",0.00018,"9,009,981","4,541,656.50"
New York,Jets,2022,AFC,East,7,9,0.4375,"202,470,545.00","13,666,666.00",0.06750,"39,167",0.00019,"13,627,499","6,852,916.50"
New York,Jets,2023,AFC,East,7,9,0.4375,"222,545,781.00","21,476,000.00",0.09650,"47,667",0.00021,"21,428,333","10,761,833.50"
Tennessee,Titans,2011,AFC,South,9,7,0.5625,"113,940,533.00","8,000,000.00",0.07021,"375,000",0.00329,"7,625,000","4,187,500.00"
Tennessee,Titans,2012,AFC,South,6,10,0.375,"119,894,867.00","11,370,002.00",0.09483,"219,375",0.00183,"11,150,627","5,794,688.50"
Tennessee,Titans,2013,AFC,South,7,9,0.4375,"127,458,573.00","12,000,000.00",0.09415,"47,647",0.00037,"11,952,353","6,023,823.50"
Tennessee,Titans,2014,AFC,South,2,14,0.125,"127,601,550.00","8,600,000.00",0.06740,"49,411",0.00039,"8,550,589","4,324,705.50"
Tennessee,Titans,2015,AFC,South,3,13,0.1875,"128,662,671.00","8,100,000.00",0.06296,"51,176",0.00040,"8,048,824","4,075,588.00"
Tennessee,Titans,2016,AFC,South,9,7,0.5625,"150,462,723.00","8,800,000.00",0.05849,"26,470",0.00018,"8,773,530","4,413,235.00"
Tennessee,Titans,2017,AFC,South,9,7,0.5625,"161,252,092.00","11,288,750.00",0.07001,"109,412",0.00068,"11,179,338","5,699,081.00"
Tennessee,Titans,2018,AFC,South,9,7,0.5625,"182,398,711.00","10,700,000.00",0.05866,"32,647",0.00018,"10,667,353","5,366,323.50"
Tennessee,Titans,2019,AFC,South,9,7,0.5625,"197,086,185.00","20,922,000.00",0.10616,"29,118",0.00015,"20,892,882","10,475,559.00"
Tennessee,Titans,2020,AFC,South,11,5,0.6875,"216,614,008.00","22,500,000.00",0.10387,"79,411",0.00037,"22,420,589","11,289,705.50"
Tennessee,Titans,2021,AFC,South,12,4,0.75,"184,416,734.00","15,038,000.00",0.08154,"47,222",0.00026,"14,990,778","7,542,611.00"
Tennessee,Titans,2022,AFC,South,3,13,0.1875,"209,793,874.00","9,367,647.00",0.04465,"39,167",0.00019,"9,328,480","4,703,407.00"
Tennessee,Titans,2023,AFC,South,6,10,0.375,"221,534,109.00","36,600,000.00",0.16521,"112,222",0.00051,"36,487,778","18,356,111.00"
Baltimore,Ravens,2011,AFC,North,12,4,0.75,"120,452,189.00","10,020,000.00",0.08319,"277,941",0.00231,"9,742,059","5,148,970.50"
Baltimore,Ravens,2012,AFC,North,10,6,0.625,"129,851,198.00","11,520,000.00",0.08872,"243,750",0.00188,"11,276,250","5,881,875.00"
Baltimore,Ravens,2013,AFC,North,8,8,0.5,"124,106,848.00","13,020,000.00",0.10491,"97,491",0.00079,"12,922,509","6,558,745.50"
Baltimore,Ravens,2014,AFC,North,10,6,0.625,"124,870,620.00","14,800,000.00",0.11852,"29,118",0.00023,"14,770,882","7,414,559.00"
Baltimore,Ravens,2015,AFC,North,5,11,0.3125,"141,217,050.00","14,550,000.00",0.10303,"30,000",0.00021,"14,520,000","7,290,000.00"
Baltimore,Ravens,2016,AFC,North,8,8,0.5,"150,959,443.00","22,550,000.00",0.14938,"26,470",0.00018,"22,523,530","11,288,235.00"
Baltimore,Ravens,2017,AFC,North,9,7,0.5625,"158,870,983.00","24,550,000.00",0.15453,"27,353",0.00017,"24,522,647","12,288,676.50"
Baltimore,Ravens,2018,AFC,North,10,6,0.625,"170,531,630.00","24,750,000.00",0.14513,"326,470",0.00191,"24,423,530","12,538,235.00"
Baltimore,Ravens,2019,AFC,North,14,2,0.875,"190,028,527.00","15,850,685.00",0.08341,"169,411",0.00089,"15,681,274","8,010,048.00"
Baltimore,Ravens,2020,AFC,North,11,5,0.6875,"190,989,245.00","16,808,000.00",0.08800,"44,118",0.00023,"16,763,882","8,426,059.00"
Baltimore,Ravens,2021,AFC,North,8,8,0.5,"182,781,957.00","13,000,000.00",0.07112,"36,666",0.00020,"12,963,334","6,518,333.00"
Baltimore,Ravens,2022,AFC,North,10,6,0.625,"204,617,520.00","23,016,000.00",0.11248,"78,334",0.00038,"22,937,666","11,547,167.00"
Baltimore,Ravens,2023,AFC,North,13,3,0.8125,"222,729,171.00","23,668,250.00",0.10626,"41,667",0.00019,"23,626,583","11,854,958.50"
Pittsburgh,Steelers,2011,AFC,North,12,4,0.75,"124,320,023.00","11,320,000.00",0.09106,"269,628",0.00217,"11,050,372","5,794,814.00"
Pittsburgh,Steelers,2012,AFC,North,8,8,0.5,"125,059,129.00","9,137,500.00",0.07307,"146,250",0.00117,"8,991,250","4,641,875.00"
Pittsburgh,Steelers,2013,AFC,North,8,8,0.5,"125,459,344.00","13,595,000.00",0.10836,"65,294",0.00052,"13,529,706","6,830,147.00"
Pittsburgh,Steelers,2014,AFC,North,11,5,0.6875,"131,947,647.00","18,895,000.00",0.14320,"148,235",0.00112,"18,746,765","9,521,617.50"
Pittsburgh,Steelers,2015,AFC,North,10,6,0.625,"138,860,441.00","17,245,000.00",0.12419,"25,588",0.00018,"17,219,412","8,635,294.00"
Pittsburgh,Steelers,2016,AFC,North,11,5,0.6875,"151,419,973.00","23,950,000.00",0.15817,"52,940",0.00035,"23,897,060","12,001,470.00"
Pittsburgh,Steelers,2017,AFC,North,13,3,0.8125,"163,380,183.00","18,200,000.00",0.11140,"72,353",0.00044,"18,127,647","9,136,176.50"
Pittsburgh,Steelers,2018,AFC,North,9,7,0.5625,"161,685,116.00","23,200,000.00",0.14349,"28,235",0.00017,"23,171,765","11,614,117.50"
Pittsburgh,Steelers,2019,AFC,North,8,8,0.5,"206,404,929.00","26,200,000.00",0.12693,"29,118",0.00014,"26,170,882","13,114,559.00"
Pittsburgh,Steelers,2020,AFC,North,12,4,0.75,"194,669,953.00","23,750,000.00",0.12200,"145,588",0.00075,"23,604,412","11,947,794.00"
Pittsburgh,Steelers,2021,AFC,North,9,7,0.5625,"175,907,130.00","25,910,000.00",0.14729,"55,000",0.00031,"25,855,000","12,982,500.00"
Pittsburgh,Steelers,2022,AFC,North,9,7,0.5625,"210,658,592.00","24,368,694.00",0.11568,"99,444",0.00047,"24,269,250","12,234,069.00"
Pittsburgh,Steelers,2023,AFC,North,10,6,0.625,"226,204,705.00","29,368,694.00",0.12983,"144,999",0.00064,"29,223,695","14,756,846.50"
Houston,Texans,2011,AFC,South,10,6,0.625,"120,798,203.00","16,200,000.00",0.13411,"154,412",0.00128,"16,045,588","8,177,206.00"
Houston,Texans,2012,AFC,South,12,4,0.75,"125,281,010.00","11,150,000.00",0.08900,"154,688",0.00123,"10,995,312","5,652,344.00"
Houston,Texans,2013,AFC,South,2,14,0.125,"123,826,813.00","11,811,251.00",0.09539,"23,823",0.00019,"11,787,428","5,917,537.00"
Houston,Texans,2014,AFC,South,9,7,0.5625,"132,043,412.00","15,644,583.00",0.11848,"58,235",0.00044,"15,586,348","7,851,409.00"
Houston,Texans,2015,AFC,South,9,7,0.5625,"142,403,116.00","13,969,000.00",0.09809,"25,588",0.00018,"13,943,412","6,997,294.00"
Houston,Texans,2016,AFC,South,9,7,0.5625,"152,060,968.00","14,500,000.00",0.09536,"79,410",0.00052,"14,420,590","7,289,705.00"
Houston,Texans,2017,AFC,South,4,12,0.25,"159,828,404.00","18,000,000.00",0.11262,"52,941",0.00033,"17,947,059","9,026,470.50"
Houston,Texans,2018,AFC,South,11,5,0.6875,"172,088,725.00","15,000,000.00",0.08716,"28,235",0.00016,"14,971,765","7,514,117.50"
Houston,Texans,2019,AFC,South,10,6,0.625,"198,106,556.00","15,000,000.00",0.07572,"29,118",0.00015,"14,970,882","7,514,559.00"
Houston,Texans,2020,AFC,South,4,12,0.25,"210,781,361.00","15,500,000.00",0.07354,"35,882",0.00017,"15,464,118","7,767,941.00"
Houston,Texans,2021,AFC,South,4,12,0.25,"186,825,534.00","15,940,000.00",0.08532,"36,666",0.00020,"15,903,334","7,988,333.00"
Houston,Texans,2022,AFC,South,3,13,0.1875,"212,666,643.00","17,707,988.00",0.08327,"156,668",0.00074,"17,551,320","8,932,328.00"
Houston,Texans,2023,AFC,South,10,6,0.625,"226,978,543.00","26,566,704.00",0.11705,"96,000",0.00042,"26,470,704","13,331,352.00"
New York,Giants,2011,NFC,East,9,7,0.5625,"119,706,771.00","14,100,000.00",0.11779,"375,000",0.00313,"13,725,000","7,237,500.00"
New York,Giants,2012,NFC,East,9,7,0.5625,"125,514,604.00","10,000,000.00",0.07967,"115,313",0.00092,"9,884,687","5,057,656.50"
New York,Giants,2013,NFC,East,7,9,0.4375,"129,256,255.00","20,850,000.00",0.16131,"23,823",0.00018,"20,826,177","10,436,911.50"
New York,Giants,2014,NFC,East,6,10,0.375,"131,935,198.00","20,400,000.00",0.15462,"49,411",0.00037,"20,350,589","10,224,705.50"
New York,Giants,2015,NFC,East,6,10,0.375,"128,321,422.00","14,450,000.00",0.11261,"25,588",0.00020,"14,424,412","7,237,794.00"
New York,Giants,2016,NFC,East,11,5,0.6875,"154,901,229.00","24,200,000.00",0.15623,"52,940",0.00034,"24,147,060","12,126,470.00"
New York,Giants,2017,NFC,East,3,13,0.1875,"167,429,914.00","19,700,000.00",0.11766,"27,353",0.00016,"19,672,647","9,863,676.50"
New York,Giants,2018,NFC,East,5,11,0.3125,"170,980,782.00","22,200,000.00",0.12984,"28,235",0.00017,"22,171,765","11,114,117.50"
New York,Giants,2019,NFC,East,4,12,0.25,"194,612,924.00","23,200,000.00",0.11921,"29,118",0.00015,"23,170,882","11,614,559.00"
New York,Giants,2020,NFC,East,6,10,0.375,"192,619,204.00","16,126,000.00",0.08372,"143,529",0.00075,"15,982,471","8,134,764.50"
New York,Giants,2021,NFC,East,4,12,0.25,"182,521,051.00","10,522,222.00",0.05765,"36,666",0.00020,"10,485,556","5,279,444.00"
New York,Giants,2022,NFC,East,9,7,0.5625,"203,667,109.00","21,150,000.00",0.10385,"98,002",0.00048,"21,051,998","10,624,001.00"
New York,Giants,2023,NFC,East,6,10,0.375,"223,438,031.00","19,076,563.00",0.08538,"52,222",0.00023,"19,024,341","9,564,392.50"
Dallas,Cowboys,2011,NFC,East,8,8,0.5,"106,382,667.00","10,000,000.00",0.09400,"250,000",0.00235,"9,750,000","5,125,000.00"
Dallas,Cowboys,2012,NFC,East,8,8,0.5,"131,577,799.00","8,856,000.00",0.06731,"73,125",0.00056,"8,782,875","4,464,562.50"
Dallas,Cowboys,2013,NFC,East,8,8,0.5,"116,240,089.00","11,818,833.00",0.10168,"23,823",0.00020,"11,795,010","5,921,328.00"
Dallas,Cowboys,2014,NFC,East,12,4,0.75,"130,227,376.00","12,217,000.00",0.09381,"33,529",0.00026,"12,183,471","6,125,264.50"
Dallas,Cowboys,2015,NFC,East,4,12,0.25,"137,816,498.00","14,973,000.00",0.10864,"25,588",0.00019,"14,947,412","7,499,294.00"
Dallas,Cowboys,2016,NFC,East,13,3,0.8125,"152,736,923.00","20,835,000.00",0.13641,"26,470",0.00017,"20,808,530","10,430,735.00"
Dallas,Cowboys,2017,NFC,East,9,7,0.5625,"159,808,251.00","17,000,000.00",0.10638,"27,353",0.00017,"16,972,647","8,513,676.50"
Dallas,Cowboys,2018,NFC,East,10,6,0.625,"173,992,050.00","17,545,000.00",0.10084,"65,294",0.00038,"17,479,706","8,805,147.00"
Dallas,Cowboys,2019,NFC,East,8,8,0.5,"182,367,508.00","15,545,000.00",0.08524,"29,118",0.00016,"15,515,882","7,787,059.00"
Dallas,Cowboys,2020,NFC,East,6,10,0.375,"191,282,501.00","31,409,000.00",0.16420,"71,764",0.00038,"31,337,236","15,740,382.00"
Dallas,Cowboys,2021,NFC,East,12,4,0.75,"205,327,031.00","25,000,000.00",0.12176,"36,666",0.00018,"24,963,334","12,518,333.00"
Dallas,Cowboys,2022,NFC,East,12,4,0.75,"215,338,768.00","19,730,000.00",0.09162,"214,444",0.00100,"19,515,556","9,972,222.00"
Dallas,Cowboys,2023,NFC,East,12,4,0.75,"222,101,883.00","26,832,647.00",0.12081,"451,000",0.00203,"26,381,647","13,641,823.50"
Washington,Commanders,2011,NFC,East,5,11,0.3125,"125,973,296.00","8,000,000.00",0.06351,"96,900",0.00077,"7,903,100","4,048,450.00"
Washington,Commanders,2012,NFC,East,10,6,0.625,"115,375,969.00","12,980,393.00",0.11251,"91,764",0.00080,"12,888,629","6,536,078.50"
Washington,Commanders,2013,NFC,East,3,13,0.1875,"107,385,220.00","8,106,250.00",0.07549,"23,823",0.00022,"8,082,427","4,065,036.50"
Washington,Commanders,2014,NFC,East,4,12,0.25,"132,411,712.00","11,455,000.00",0.08651,"33,529",0.00025,"11,421,471","5,744,264.50"
Washington,Commanders,2015,NFC,East,9,7,0.5625,"139,789,532.00","10,600,388.00",0.07583,"25,588",0.00018,"10,574,800","5,312,988.00"
Washington,Commanders,2016,NFC,East,8,8,0.5,"146,116,126.00","19,953,000.00",0.13656,"39,705",0.00027,"19,913,295","9,996,352.50"
Washington,Commanders,2017,NFC,East,7,9,0.4375,"174,807,970.00","23,943,600.00",0.13697,"27,353",0.00016,"23,916,247","11,985,476.50"
Washington,Commanders,2018,NFC,East,7,9,0.4375,"172,795,336.00","18,400,000.00",0.10648,"28,235",0.00016,"18,371,765","9,214,117.50"
Washington,Commanders,2019,NFC,East,3,13,0.1875,"180,627,946.00","14,237,500.00",0.07882,"29,118",0.00016,"14,208,382","7,133,309.00"
Washington,Commanders,2020,NFC,East,7,9,0.4375,"193,135,405.00","21,400,000.00",0.11080,"35,882",0.00019,"21,364,118","10,717,941.00"
Washington,Commanders,2021,NFC,East,7,9,0.4375,"193,566,718.00","18,036,000.00",0.09318,"36,666",0.00019,"17,999,334","9,036,333.00"
Washington,Commanders,2022,NFC,East,8,8,0.5,"208,068,247.00","28,294,119.00",0.13598,"39,167",0.00019,"28,254,952","14,166,643.00"
Washington,Commanders,2023,NFC,East,4,12,0.25,"219,158,252.00","21,441,168.00",0.09783,"41,667",0.00019,"21,399,501","10,741,417.50"
Detriot,Lions,2011,NFC,North,10,6,0.625,"124,329,126.00","14,175,000.00",0.11401,"375,500",0.00302,"13,799,500","7,275,250.00"
Detriot,Lions,2012,NFC,North,4,12,0.25,"132,700,649.00","11,750,000.00",0.08855,"82,059",0.00062,"11,667,941","5,916,029.50"
Detriot,Lions,2013,NFC,North,7,9,0.4375,"119,769,260.00","17,820,000.00",0.14879,"23,823",0.00020,"17,796,177","8,921,911.50"
Detriot,Lions,2014,NFC,North,11,5,0.6875,"132,391,778.00","22,412,500.00",0.16929,"75,882",0.00057,"22,336,618","11,244,191.00"
Detriot,Lions,2015,NFC,North,7,9,0.4375,"143,215,794.00","20,558,000.00",0.14355,"25,588",0.00018,"20,532,412","10,291,794.00"
Detriot,Lions,2016,NFC,North,9,7,0.5625,"149,718,669.00","22,500,000.00",0.15028,"26,470",0.00018,"22,473,530","11,263,235.00"
Detriot,Lions,2017,NFC,North,9,7,0.5625,"161,081,019.00","16,500,000.00",0.10243,"27,353",0.00017,"16,472,647","8,263,676.50"
Detriot,Lions,2018,NFC,North,6,10,0.375,"175,496,566.00","26,500,000.00",0.15100,"28,235",0.00016,"26,471,765","13,264,117.50"
Detriot,Lions,2019,NFC,North,3,13,0.1875,"176,627,499.00","30,700,000.00",0.17381,"29,118",0.00016,"30,670,882","15,364,559.00"
Detriot,Lions,2020,NFC,North,5,11,0.3125,"201,274,115.00","21,300,000.00",0.10583,"35,882",0.00018,"21,264,118","10,667,941.00"
Detriot,Lions,2021,NFC,North,3,13,0.1875,"196,592,545.00","19,989,000.00",0.10168,"36,666",0.00019,"19,952,334","10,012,833.00"
Detriot,Lions,2022,NFC,North,9,7,0.5625,"214,423,875.00","31,150,000.00",0.14527,"207,000",0.00097,"30,943,000","15,678,500.00"
Detriot,Lions,2023,NFC,North,12,4,0.75,"223,688,752.00","30,975,000.00",0.13847,"120,000",0.00054,"30,855,000","15,547,500.00"
New Orleans,Saints,2011,NFC,South,13,3,0.8125,"104,654,042.00","12,574,700.00",0.12015,"375,000",0.00358,"12,199,700","6,474,850.00"
New Orleans,Saints,2012,NFC,South,7,9,0.4375,"119,384,564.00","10,400,000.00",0.08711,"68,824",0.00058,"10,331,176","5,234,412.00"
New Orleans,Saints,2013,NFC,South,11,5,0.6875,"123,794,167.00","17,400,000.00",0.14056,"23,823",0.00019,"17,376,177","8,711,911.50"
New Orleans,Saints,2014,NFC,South,7,9,0.4375,"131,772,234.00","18,400,000.00",0.13963,"24,705",0.00019,"18,375,295","9,212,352.50"
New Orleans,Saints,2015,NFC,South,7,9,0.4375,"143,214,027.00","23,800,000.00",0.16618,"25,588",0.00018,"23,774,412","11,912,794.00"
New Orleans,Saints,2016,NFC,South,7,9,0.4375,"146,288,954.00","17,250,000.00",0.11792,"26,470",0.00018,"17,223,530","8,638,235.00"
New Orleans,Saints,2017,NFC,South,11,5,0.6875,"161,717,460.00","19,000,000.00",0.11749,"27,353",0.00017,"18,972,647","9,513,676.50"
New Orleans,Saints,2018,NFC,South,13,3,0.8125,"176,019,524.00","24,000,000.00",0.13635,"53,824",0.00031,"23,946,176","12,026,912.00"
New Orleans,Saints,2019,NFC,South,13,3,0.8125,"187,888,357.00","22,700,000.00",0.12082,"29,118",0.00015,"22,670,882","11,364,559.00"
New Orleans,Saints,2020,NFC,South,12,4,0.75,"194,082,268.00","23,650,000.00",0.12186,"107,646",0.00055,"23,542,354","11,878,823.00"
New Orleans,Saints,2021,NFC,South,9,7,0.5625,"185,310,258.00","10,612,000.00",0.05727,"36,666",0.00020,"10,575,334","5,324,333.00"
New Orleans,Saints,2022,NFC,South,7,9,0.4375,"206,828,041.00","13,228,588.00",0.06396,"41,528",0.00020,"13,187,060","6,635,058.00"
New Orleans,Saints,2023,NFC,South,9,7,0.5625,"220,525,665.00","16,937,472.00",0.07680,"52,222",0.00024,"16,885,250","8,494,847.00"
San Francisco,49ers,2011,NFC,West,13,3,0.8125,"114,310,558.00","8,450,000.00",0.07392,"96,900",0.00085,"8,353,100","4,273,450.00"
San Francisco,49ers,2012,NFC,West,11,5,0.6875,"138,616,842.00","17,777,332.00",0.12825,"274,666",0.00198,"17,502,666","9,025,999.00"
San Francisco,49ers,2013,NFC,West,12,4,0.75,"122,183,675.00","8,739,916.00",0.07153,"71,470",0.00058,"8,668,446","4,405,693.00"
San Francisco,49ers,2014,NFC,West,8,8,0.5,"131,507,823.00","7,532,266.00",0.05728,"24,705",0.00019,"7,507,561","3,778,485.50"
San Francisco,49ers,2015,NFC,West,5,11,0.3125,"136,740,459.00","15,265,753.00",0.11164,"25,588",0.00019,"15,240,165","7,645,670.50"
San Francisco,49ers,2016,NFC,West,2,14,0.125,"134,002,183.00","16,765,753.00",0.12512,"30,882",0.00023,"16,734,871","8,398,317.50"
San Francisco,49ers,2017,NFC,West,6,10,0.375,"145,364,821.00","11,056,250.00",0.07606,"82,059",0.00056,"10,974,191","5,569,154.50"
San Francisco,49ers,2018,NFC,West,4,12,0.25,"199,312,951.00","37,000,000.00",0.18564,"28,235",0.00014,"36,971,765","18,514,117.50"
San Francisco,49ers,2019,NFC,West,13,3,0.8125,"220,650,341.00","20,000,000.00",0.09064,"29,118",0.00013,"19,970,882","10,014,559.00"
San Francisco,49ers,2020,NFC,West,6,10,0.375,"202,659,073.00","26,100,000.00",0.12879,"35,882",0.00018,"26,064,118","13,067,941.00"
San Francisco,49ers,2021,NFC,West,10,6,0.625,"195,101,014.00","26,400,000.00",0.13531,"36,666",0.00019,"26,363,334","13,218,333.00"
San Francisco,49ers,2022,NFC,West,13,3,0.8125,"206,082,457.00","12,935,576.00",0.06277,"348,054",0.00169,"12,587,522","6,641,815.00"
San Francisco,49ers,2023,NFC,West,12,4,0.75,"199,530,464.00","12,595,521.00",0.06313,"261,110",0.00131,"12,334,411","6,428,315.50"
Los Angeles,Rams,2011,NFC,West,2,14,0.125,"105,759,677.00","12,465,000.00",0.11786,"132,353",0.00125,"12,332,647","6,298,676.50"
Los Angeles,Rams,2012,NFC,West,7,9,0.4375,"119,032,324.00","19,007,500.00",0.15968,"73,125",0.00061,"18,934,375","9,540,312.50"
Los Angeles,Rams,2013,NFC,West,7,9,0.4375,"124,333,057.00","12,650,000.00",0.10174,"28,235",0.00023,"12,621,765","6,339,117.50"
Los Angeles,Rams,2014,NFC,West,6,10,0.375,"131,027,131.00","17,610,000.00",0.13440,"123,529",0.00094,"17,486,471","8,866,764.50"
Los Angeles,Rams,2015,NFC,West,7,9,0.4375,"140,686,890.00","16,744,111.00",0.11902,"25,588",0.00018,"16,718,523","8,384,849.50"
Los Angeles,Rams,2016,NFC,West,4,12,0.25,"149,657,650.00","13,952,000.00",0.09323,"52,940",0.00035,"13,899,060","7,002,470.00"
Los Angeles,Rams,2017,NFC,West,11,5,0.6875,"156,886,564.00","16,742,400.00",0.10672,"27,353",0.00017,"16,715,047","8,384,876.50"
Los Angeles,Rams,2018,NFC,West,13,3,0.8125,"179,876,692.00","14,500,000.00",0.08061,"84,705",0.00047,"14,415,295","7,292,352.50"
Los Angeles,Rams,2019,NFC,West,9,7,0.5625,"180,977,365.00","17,108,000.00",0.09453,"116,470",0.00064,"16,991,530","8,612,235.00"
Los Angeles,Rams,2020,NFC,West,10,6,0.625,"196,611,667.00","28,842,682.00",0.14670,"61,764",0.00031,"28,780,918","14,452,223.00"
Los Angeles,Rams,2021,NFC,West,12,4,0.75,"184,237,455.00","20,000,000.00",0.10856,"43,333",0.00024,"19,956,667","10,021,666.50"
Los Angeles,Rams,2022,NFC,West,5,11,0.3125,"200,270,156.00","27,000,000.00",0.13482,"45,833",0.00023,"26,954,167","13,522,916.50"
Los Angeles,Rams,2023,NFC,West,10,6,0.625,"217,174,558.00","26,000,000.00",0.11972,"52,222",0.00024,"25,947,778","13,026,111.00"
Buffalo,Bills,2011,AFC,East,6,10,0.375,"108,312,929.00","5,610,000.00",0.05179,105882,0.00098,"5,504,118","2,857,941.00"
Buffalo,Bills,2012,AFC,East,6,10,0.375,"132,433,193.00","9,800,000.00",0.07400,67500,0.00051,"9,732,500","4,933,750.00"
Buffalo,Bills,2013,AFC,East,6,10,0.375,"115,151,649.00","12,400,000.00",0.10768,23823,0.00021,"12,376,177","6,211,911.50"
Buffalo,Bills,2014,AFC,East,9,7,0.5625,"147,684,870.00","18,800,000.00",0.12730,100588,0.00068,"18,699,412","9,450,294.00"
Buffalo,Bills,2015,AFC,East,8,8,0.5,"138,342,172.00","19,400,000.00",0.14023,25588,0.00018,"19,374,412","9,712,794.00"
Buffalo,Bills,2016,AFC,East,7,9,0.4375,"152,340,574.00","12,691,176.00",0.08331,92646,0.00061,"12,598,530","6,391,911.00"
Buffalo,Bills,2017,AFC,East,9,7,0.5625,"154,567,897.00","14,200,000.00",0.09187,27353,0.00018,"14,172,647","7,113,676.50"
Buffalo,Bills,2018,AFC,East,6,10,0.375,"179,596,576.00","10,400,000.00",0.05791,65294,0.00036,"10,334,706","5,232,647.00"
Buffalo,Bills,2019,AFC,East,10,6,0.625,"174,804,987.00","12,950,000.00",0.07408,303529,0.00174,"12,646,471","6,626,764.50"
Buffalo,Bills,2020,AFC,East,13,3,0.8125,"218,228,694.00","14,800,000.00",0.06782,441180,0.00202,"14,358,820","7,620,590.00"
Buffalo,Bills,2021,AFC,East,11,6,0.647058824,"187,805,198.00","11,380,294.00",0.06060,165000,0.00088,"11,215,294","5,772,647.00"
Buffalo,Bills,2022,AFC,East,13,3,0.8125,"206,691,460.00","16,372,281.00",0.07921,45833,0.00022,"16,326,448","8,209,057.00"
Buffalo,Bills,2023,AFC,East,11,6,0.647058824,"228,646,643.00","18,636,281.00",0.08151,626664,0.00274,"18,009,617","9,631,472.50"
Cincinnatti,Bengles,2011,AFC,North,9,7,0.5625,"108,538,705.00","8,686,750.00",0.08003,44117,0.00041,"8,642,633","4,365,433.50"
Cincinnatti,Bengles,2012,AFC,North,10,6,0.625,"117,392,278.00","8,500,000.00",0.07241,73125,0.00062,"8,426,875","4,286,562.50"
Cincinnatti,Bengles,2013,AFC,North,11,5,0.6875,"127,066,245.00","11,175,000.00",0.08795,71470,0.00056,"11,103,530","5,623,235.00"
Cincinnatti,Bengles,2014,AFC,North,10,5,0.666666667,"131,642,102.00","9,059,063.00",0.06882,134118,0.00102,"8,924,945","4,596,590.50"
Cincinnatti,Bengles,2015,AFC,North,12,4,0.75,"143,913,511.00","14,750,000.00",0.10249,68823,0.00048,"14,681,177","7,409,411.50"
Cincinnatti,Bengles,2016,AFC,North,6,9,0.4,"156,396,246.00","13,100,000.00",0.08376,26470,0.00017,"13,073,530","6,563,235.00"
Cincinnatti,Bengles,2017,AFC,North,7,9,0.4375,"161,691,563.00","15,700,000.00",0.09710,54706,0.00034,"15,645,294","7,877,353.00"
Cincinnatti,Bengles,2018,AFC,North,6,10,0.375,"180,326,765.00","16,300,000.00",0.09039,28235,0.00016,"16,271,765","8,164,117.50"
Cincinnatti,Bengles,2019,AFC,North,2,14,0.125,"184,954,951.00","16,200,000.00",0.08759,29118,0.00016,"16,170,882","8,114,559.00"
Cincinnatti,Bengles,2020,AFC,North,4,11,0.266666667,"197,637,354.00","18,171,000.00",0.09194,35882,0.00018,"18,135,118","9,103,441.00"
Cincinnatti,Bengles,2021,AFC,North,10,7,0.588235294,"191,286,587.00","15,800,000.00",0.08260,36666,0.00019,"15,763,334","7,918,333.00"
Cincinnatti,Bengles,2022,AFC,North,12,4,0.75,"210,200,068.00","14,488,235.00",0.06893,78334,0.00037,"14,409,901","7,283,284.50"
Cincinnatti,Bengles,2023,AFC,North,9,8,0.529411765,"215,841,995.00","19,515,043.00",0.09041,125000,0.00058,"19,390,043","9,820,021.50"
Denver,Broncos,2011,AFC,West,8,8,0.5,"109,156,754.00","15,623,000.00",0.14312,"262,058",0.00240,"15,360,942","7,942,529.00"
Denver,Broncos,2012,AFC,West,13,3,0.8125,"132,948,944.00","18,000,000.00",0.13539,"131,250",0.00099,"17,868,750","9,065,625.00"
Denver,Broncos,2013,AFC,West,13,3,0.8125,"133,202,250.00","17,500,000.00",0.13138,"28,235",0.00021,"17,471,765","8,764,117.50"
Denver,Broncos,2014,AFC,West,12,4,0.75,"135,140,526.00","17,500,000.00",0.12949,"67,058",0.00050,"17,432,942","8,783,529.00"
Denver,Broncos,2015,AFC,West,12,4,0.75,"145,098,899.00","17,500,000.00",0.12061,"25,588",0.00018,"17,474,412","8,762,794.00"
Denver,Broncos,2016,AFC,West,9,7,0.5625,"147,213,128.00","15,200,000.00",0.10325,"26,470",0.00018,"15,173,530","7,613,235.00"
Denver,Broncos,2017,AFC,West,5,11,0.3125,"156,404,109.00","19,900,000.00",0.12723,"63,529",0.00041,"19,836,471","9,981,764.50"
Denver,Broncos,2018,AFC,West,5,11,0.3125,"181,619,996.00","15,000,000.00",0.08259,"28,235",0.00016,"14,971,765","7,514,117.50"
Denver,Broncos,2019,AFC,West,7,9,0.4375,"182,229,585.00","25,125,000.00",0.13788,"29,118",0.00016,"25,095,882","12,577,059.00"
Denver,Broncos,2020,AFC,West,5,11,0.3125,"195,780,141.00","13,882,353.00",0.07091,"44,118",0.00023,"13,838,235","6,963,235.50"
Denver,Broncos,2021,AFC,West,7,9,0.4375,"188,343,846.00","9,470,588.00",0.05028,"36,666",0.00019,"9,433,922","4,753,627.00"
Denver,Broncos,2022,AFC,West,5,11,0.3125,"210,860,550.00","18,850,000.00",0.08940,"39,167",0.00019,"18,810,833","9,444,583.50"
Denver,Broncos,2023,AFC,West,8,8,0.5,"231,774,113.00","22,000,000.00",0.09492,"41,667",0.00018,"21,958,333","11,020,833.50"
Green Bay,Packers,2011,NFC,North,15,1,0.9375,"115,724,259.00","8,787,500.00",0.07593,244129,0.00211,"8,543,371","4,515,814.50"
Green Bay,Packers,2012,NFC,North,11,5,0.6875,"119,710,476.00","11,062,500.00",0.09241,121875,0.00102,"10,940,625","5,592,187.50"
Green Bay,Packers,2013,NFC,North,8,7,0.533333333,"120,681,853.00","11,650,000.00",0.09653,23823,0.00020,"11,626,177","5,836,911.50"
Green Bay,Packers,2014,NFC,North,12,4,0.75,"134,037,242.00","17,550,000.00",0.13093,87353,0.00065,"17,462,647","8,818,676.50"
Green Bay,Packers,2015,NFC,North,10,6,0.625,"141,856,037.00","18,250,000.00",0.12865,51176,0.00036,"18,198,824","9,150,588.00"
Green Bay,Packers,2016,NFC,North,10,6,0.625,"154,207,025.00","19,250,000.00",0.12483,79410,0.00051,"19,170,590","9,664,705.00"
Green Bay,Packers,2017,NFC,North,7,9,0.4375,"168,491,403.00","20,300,000.00",0.12048,27353,0.00016,"20,272,647","10,163,676.50"
Green Bay,Packers,2018,NFC,North,6,9,0.4,"175,766,368.00","20,900,000.00",0.11891,56470,0.00032,"20,843,530","10,478,235.00"
Green Bay,Packers,2019,NFC,North,13,3,0.8125,"191,756,597.00","29,672,000.00",0.15474,58236,0.00030,"29,613,764","14,865,118.00"
Green Bay,Packers,2020,NFC,North,13,3,0.8125,"199,876,795.00","21,642,000.00",0.10828,44118,0.00022,"21,597,882","10,843,059.00"
Green Bay,Packers,2021,NFC,North,13,4,0.764705882,"181,317,830.00","27,073,568.00",0.14932,36666,0.00020,"27,036,902","13,555,117.00"
Green Bay,Packers,2022,NFC,North,8,9,0.470588235,"211,847,657.00","28,533,569.00",0.13469,183332,0.00087,"28,350,237","14,358,450.50"
Green Bay,Packers,2023,NFC,North,9,8,0.529411765,"218,045,716.00","12,905,000.00",0.05918,41667,0.00019,"12,863,333","6,473,333.50"
Indianapolis,Colts,2011,AFC,South,2,14,0.125,"118,284,138.00","16,420,000.00",0.13882,308823,0.00261,"16,111,177","8,364,411.50"
Indianapolis,Colts,2012,AFC,South,11,5,0.6875,"121,595,398.00","19,035,000.00",0.15654,73125,0.00060,"18,961,875","9,554,062.50"
Indianapolis,Colts,2013,AFC,South,11,5,0.6875,"129,046,015.00","10,750,000.00",0.08330,23823,0.00018,"10,726,177","5,386,911.50"
Indianapolis,Colts,2014,AFC,South,11,5,0.6875,"123,726,021.00","6,250,000.00",0.05051,49412,0.00040,"6,200,588","3,149,706.00"
Indianapolis,Colts,2015,AFC,South,8,8,0.5,"143,402,177.00","11,250,000.00",0.07845,25588,0.00018,"11,224,412","5,637,794.00"
Indianapolis,Colts,2016,AFC,South,8,8,0.5,"152,482,343.00","18,400,000.00",0.12067,61764,0.00041,"18,338,236","9,230,882.00"
Indianapolis,Colts,2017,AFC,South,4,12,0.25,"156,274,655.00","19,400,000.00",0.12414,27353,0.00018,"19,372,647","9,713,676.50"
Indianapolis,Colts,2018,AFC,South,10,6,0.625,"144,247,844.00","24,400,000.00",0.16915,84705,0.00059,"24,315,295","12,242,352.50"
Indianapolis,Colts,2019,AFC,South,7,9,0.4375,"196,100,572.00","15,000,000.00",0.07649,33529,0.00017,"14,966,471","7,516,764.50"
Indianapolis,Colts,2020,AFC,South,11,5,0.6875,"231,385,518.00","25,000,000.00",0.10804,48529,0.00021,"24,951,471","12,524,264.50"
Indianapolis,Colts,2021,AFC,South,9,8,0.529411765,"187,317,746.00","21,305,882.00",0.11374,36666,0.00020,"21,269,216","10,671,274.00"
Indianapolis,Colts,2022,AFC,South,4,12,0.25,"205,811,217.00","18,705,882.00",0.09089,45833,0.00022,"18,660,049","9,375,857.50"
Indianapolis,Colts,2023,AFC,South,9,8,0.529411765,"223,873,320.00","19,000,000.00",0.08487,56111,0.00025,"18,943,889","9,528,055.50"
Kansas City,Chiefs,2011,AFC,West,7,9,0.4375,"103,712,552.00","11,340,000.00",0.10934,375000,0.00362,"10,965,000","5,857,500.00"
Kansas City,Chiefs,2012,AFC,West,2,14,0.125,"144,411,474.00","14,464,706.00",0.10016,73125,0.00051,"14,391,581","7,268,915.50"
Kansas City,Chiefs,2013,AFC,West,11,5,0.6875,"136,631,412.00","15,464,706.00",0.11319,65294,0.00048,"15,399,412","7,765,000.00"
Kansas City,Chiefs,2014,AFC,West,9,7,0.5625,"132,717,955.00","11,485,294.00",0.08654,123529,0.00093,"11,361,765","5,804,411.50"
Kansas City,Chiefs,2015,AFC,West,11,5,0.6875,"141,444,281.00","15,600,000.00",0.11029,102352,0.00072,"15,497,648","7,851,176.00"
Kansas City,Chiefs,2016,AFC,West,12,4,0.75,"152,511,280.00","17,800,000.00",0.11671,176470,0.00116,"17,623,530","8,988,235.00"
Kansas City,Chiefs,2017,AFC,West,10,6,0.625,"167,778,858.00","22,100,000.00",0.13172,82059,0.00049,"22,017,941","11,091,029.50"
Kansas City,Chiefs,2018,AFC,West,12,4,0.75,"176,891,845.00","20,600,000.00",0.11646,148235,0.00084,"20,451,765","10,374,117.50"
Kansas City,Chiefs,2019,AFC,West,12,4,0.75,"166,507,002.00","19,200,000.00",0.11531,116470,0.00070,"19,083,530","9,658,235.00"
Kansas City,Chiefs,2020,AFC,West,14,2,0.875,"216,749,367.00","19,300,000.00",0.08904,185294,0.00085,"19,114,706","9,742,647.00"
Kansas City,Chiefs,2021,AFC,West,12,5,0.705882353,"185,112,146.00","25,800,000.00",0.13937,146664,0.00079,"25,653,336","12,973,332.00"
Kansas City,Chiefs,2022,AFC,West,14,3,0.823529412,"205,249,141.00","35,793,381.00",0.17439,248610,0.00121,"35,544,771","18,020,995.50"
Kansas City,Chiefs,2023,AFC,West,11,6,0.647058824,"217,621,452.00","37,133,825.00",0.17063,156666,0.00072,"36,977,159","18,645,245.50"
New England,Patriots,2011,AFC,East,13,3,0.8125,"106,826,457.00","12,950,000.00",0.12122,667,0.00001,"12,949,333","6,475,333.50"
New England,Patriots,2012,AFC,East,12,4,0.75,"128,041,650.00","9,515,000.00",0.07431,115625,0.00090,"9,399,375","4,815,312.50"
New England,Patriots,2013,AFC,East,12,4,0.75,"124,037,085.00","13,800,000.00",0.11126,23823,0.00019,"13,776,177","6,911,911.50"
New England,Patriots,2014,AFC,East,12,4,0.75,"134,321,836.00","14,800,000.00",0.11018,24705,0.00018,"14,775,295","7,412,352.50"
New England,Patriots,2015,AFC,East,12,4,0.75,"141,316,422.00","14,000,000.00",0.09907,38823,0.00027,"13,961,177","7,019,411.50"
New England,Patriots,2016,AFC,East,14,2,0.875,"147,674,888.00","13,764,705.00",0.09321,132350,0.00090,"13,632,355","6,948,527.50"
New England,Patriots,2017,AFC,East,13,3,0.8125,"163,713,427.00","14,000,000.00",0.08552,58823,0.00036,"13,941,177","7,029,411.50"
New England,Patriots,2018,AFC,East,11,5,0.6875,"175,832,665.00","22,000,000.00",0.12512,74118,0.00042,"21,925,882","11,037,059.00"
New England,Patriots,2019,AFC,East,12,4,0.75,"194,988,547.00","21,500,000.00",0.11026,242352,0.00124,"21,257,648","10,871,176.00"
New England,Patriots,2020,AFC,East,7,9,0.4375,"186,649,624.00","14,781,000.00",0.07919,35882,0.00019,"14,745,118","7,408,441.00"
New England,Patriots,2021,AFC,East,10,7,0.588235294,"200,573,159.00","12,397,059.00",0.06181,36666,0.00018,"12,360,393","6,216,862.50"
New England,Patriots,2022,AFC,East,8,9,0.470588235,"208,004,554.00","15,000,000.00",0.07211,99444,0.00048,"14,900,556","7,549,722.00"
New England,Patriots,2023,AFC,East,4,13,0.235294118,"221,851,422.00","16,440,555.00",0.07411,41667,0.00019,"16,398,888","8,241,111.00"
Oakland,Raiders,2011,AFC,West,8,8,0.5,"110,268,062.00","11,415,000.00",0.10352,330000,0.00299,"11,085,000","5,872,500.00"
Oakland,Raiders,2012,AFC,West,4,12,0.25,"115,578,479.00","9,478,833.00",0.08201,58125,0.00050,"9,420,708","4,768,479.00"
Oakland,Raiders,2013,AFC,West,4,12,0.25,"121,534,233.00","9,685,084.00",0.07969,71471,0.00059,"9,613,613","4,878,277.50"
Oakland,Raiders,2014,AFC,West,3,13,0.1875,"124,442,456.00","8,000,000.00",0.06429,24705,0.00020,"7,975,295","4,012,352.50"
Oakland,Raiders,2015,AFC,West,7,9,0.4375,"137,071,838.00","13,000,000.00",0.09484,25588,0.00019,"12,974,412","6,512,794.00"
Oakland,Raiders,2016,AFC,West,12,4,0.75,"164,335,096.00","13,200,000.00",0.08032,132350,0.00081,"13,067,650","6,666,175.00"
Oakland,Raiders,2017,AFC,West,6,10,0.375,"164,442,467.00","15,731,691.00",0.09567,54706,0.00033,"15,676,985","7,893,198.50"
Oakland,Raiders,2018,AFC,West,4,12,0.25,"178,870,237.00","25,000,000.00",0.13977,56470,0.00032,"24,943,530","12,528,235.00"
Oakland,Raiders,2019,AFC,West,7,9,0.4375,"173,145,802.00","22,500,000.00",0.12995,33529,0.00019,"22,466,471","11,266,764.50"
Oakland,Raiders,2020,AFC,West,8,8,0.5,"214,145,655.00","21,500,000.00",0.10040,160588,0.00075,"21,339,412","10,830,294.00"
Oakland,Raiders,2021,AFC,West,10,7,0.588235294,"189,930,974.00","22,125,000.00",0.11649,43333,0.00023,"22,081,667","11,084,166.50"
Oakland,Raiders,2022,AFC,West,6,11,0.352941176,"199,666,719.00","19,375,000.00",0.09704,78334,0.00039,"19,296,666","9,726,667.00"
Oakland,Raiders,2023,AFC,West,8,9,0.470588235,"223,471,769.00","17,650,000.00",0.07898,48333,0.00022,"17,601,667","8,849,166.50"
Philadelphia,Eagles,2011,NFC,East,8,8,0.5,"126,846,795.00","14,400,000.00",0.11352,66176,0.00052,"14,333,824","7,233,088.00"
Philadelphia,Eagles,2012,NFC,East,4,12,0.25,"117,945,266.00","13,900,000.00",0.11785,68823,0.00058,"13,831,177","6,984,411.50"
Philadelphia,Eagles,2013,NFC,East,10,6,0.625,"126,997,784.00","12,200,000.00",0.09606,54316,0.00043,"12,145,684","6,127,158.00"
Philadelphia,Eagles,2014,NFC,East,10,6,0.625,"134,781,802.00","9,700,000.00",0.07197,303529,0.00225,"9,396,471","5,001,764.50"
Philadelphia,Eagles,2015,NFC,East,7,9,0.4375,"150,325,196.00","12,985,000.00",0.08638,25588,0.00017,"12,959,412","6,505,294.00"
Philadelphia,Eagles,2016,NFC,East,7,9,0.4375,"151,957,894.00","9,737,500.00",0.06408,79410,0.00052,"9,658,090","4,908,455.00"
Philadelphia,Eagles,2017,NFC,East,13,3,0.8125,"172,566,936.00","10,750,000.00",0.06229,158823,0.00092,"10,591,177","5,454,411.50"
Philadelphia,Eagles,2018,NFC,East,9,7,0.5625,"171,556,674.00","13,600,000.00",0.07927,37059,0.00022,"13,562,941","6,818,529.50"
Philadelphia,Eagles,2019,NFC,East,9,7,0.5625,"170,362,399.00","11,902,000.00",0.06986,33529,0.00020,"11,868,471","5,967,764.50"
Philadelphia,Eagles,2020,NFC,East,4,11,0.266666667,"200,593,459.00","18,656,536.00",0.09301,35882,0.00018,"18,620,654","9,346,209.00"
Philadelphia,Eagles,2021,NFC,East,9,8,0.529411765,"189,181,452.00","12,916,409.00",0.06828,36666,0.00019,"12,879,743","6,476,537.50"
Philadelphia,Eagles,2022,NFC,East,14,3,0.823529412,"219,445,581.00","17,802,000.00",0.08112,49722,0.00023,"17,752,278","8,925,861.00"
Philadelphia,Eagles,2023,NFC,East,11,6,0.647058824,"232,097,112.00","14,721,000.00",0.06343,250002,0.00108,"14,470,998","7,485,501.00"
Seattle,Seahawks,2011,NFC,West,7,9,0.4375,"106,649,136.00","8,880,000.00",0.08326,119294,0.00112,"8,760,706","4,499,647.00"
Seattle,Seahawks,2012,NFC,West,11,5,0.6875,"126,486,060.00","8,960,000.00",0.07084,108530,0.00086,"8,851,470","4,534,265.00"
Seattle,Seahawks,2013,NFC,West,13,3,0.8125,"133,725,553.00","9,700,000.00",0.07254,56471,0.00042,"9,643,529","4,878,235.50"
Seattle,Seahawks,2014,NFC,West,12,4,0.75,"130,434,083.00","11,240,000.00",0.08617,58235,0.00045,"11,181,765","5,649,117.50"
Seattle,Seahawks,2015,NFC,West,10,6,0.625,"147,364,599.00","12,200,000.00",0.08279,51176,0.00035,"12,148,824","6,125,588.00"
Seattle,Seahawks,2016,NFC,West,10,5,0.666666667,"150,301,345.00","18,542,000.00",0.12337,26470,0.00018,"18,515,530","9,284,235.00"
Seattle,Seahawks,2017,NFC,West,9,7,0.5625,"167,367,602.00","14,626,666.00",0.08739,27353,0.00016,"14,599,313","7,327,009.50"
Seattle,Seahawks,2018,NFC,West,10,6,0.625,"175,232,879.00","23,786,666.00",0.13574,56470,0.00032,"23,730,196","11,921,568.00"
Seattle,Seahawks,2019,NFC,West,11,5,0.6875,"184,894,364.00","26,286,668.00",0.14217,37491,0.00020,"26,249,177","13,162,079.50"
Seattle,Seahawks,2020,NFC,West,12,4,0.75,"200,893,810.00","31,000,000.00",0.15431,120495,0.00060,"30,879,505","15,560,247.50"
Seattle,Seahawks,2021,NFC,West,7,10,0.411764706,"172,703,125.00","32,000,000.00",0.18529,36666,0.00021,"31,963,334","16,018,333.00"
Seattle,Seahawks,2022,NFC,West,9,8,0.529411765,"215,796,566.00","10,075,000.00",0.04669,39167,0.00018,"10,035,833","5,057,083.50"
Seattle,Seahawks,2023,NFC,West,9,8,0.529411765,"214,977,978.00","13,720,000.00",0.06382,83334,0.00039,"13,636,666","6,901,667.00"
Tampa Bay,Buccaneers,2011,NFC,South,4,12,0.25,"87,714,299.00","9,500,000.00",0.10831,317647,0.00362,"9,182,353","4,908,823.50"
Tampa Bay,Buccaneers,2012,NFC,South,7,9,0.4375,"138,060,202.00","15,432,000.00",0.11178,97500,0.00071,"15,334,500","7,764,750.00"
Tampa Bay,Buccaneers,2013,NFC,South,4,12,0.25,"127,714,333.00","16,000,000.00",0.12528,110150,0.00086,"15,889,850","8,055,075.00"
Tampa Bay,Buccaneers,2014,NFC,South,2,14,0.125,"137,116,892.00","21,295,000.00",0.15531,49411,0.00036,"21,245,589","10,672,205.50"
Tampa Bay,Buccaneers,2015,NFC,South,6,10,0.375,"133,567,282.00","14,595,000.00",0.10927,25588,0.00019,"14,569,412","7,310,294.00"
Tampa Bay,Buccaneers,2016,NFC,South,9,7,0.5625,"155,725,098.00","13,000,000.00",0.08348,26470,0.00017,"12,973,530","6,513,235.00"
Tampa Bay,Buccaneers,2017,NFC,South,5,11,0.3125,"153,756,128.00","13,750,000.00",0.08943,54706,0.00036,"13,695,294","6,902,353.00"
Tampa Bay,Buccaneers,2018,NFC,South,5,11,0.3125,"189,900,886.00","18,258,000.00",0.09614,56470,0.00030,"18,201,530","9,157,235.00"
Tampa Bay,Buccaneers,2019,NFC,South,7,9,0.4375,"184,939,978.00","20,922,000.00",0.11313,29118,0.00016,"20,892,882","10,475,559.00"
Tampa Bay,Buccaneers,2020,NFC,South,11,5,0.6875,"199,841,623.00","25,000,000.00",0.12510,48529,0.00024,"24,951,471","12,524,264.50"
Tampa Bay,Buccaneers,2021,NFC,South,13,4,0.764705882,"181,119,199.00","15,983,000.00",0.08825,43333,0.00024,"15,939,667","8,013,166.50"
Tampa Bay,Buccaneers,2022,NFC,South,8,9,0.470588235,"202,960,773.00","18,400,000.00",0.09066,78334,0.00039,"18,321,666","9,239,167.00"
Tampa Bay,Buccaneers,2023,NFC,South,9,8,0.529411765,"223,680,759.00","23,698,500.00",0.10595,208888,0.00093,"23,489,612","11,953,694.00"